,service_date,from_stop_departure_sec,to_stop_arrival_sec,travel_time_sec,days_since_jan1,day_of_week,is_holiday
6049,2024-06-01,45392,47987,2595,152,5,0
6050,2024-06-01,61787,64415,2628,152,5,0
6051,2024-06-01,31237,33600,2363,152,5,0
6052,2024-06-01,65190,67911,2721,152,5,0
6053,2024-06-01,30497,33060,2563,152,5,0
6054,2024-06-01,52590,55081,2491,152,5,0
6055,2024-06-01,43296,46125,2829,152,5,0
6056,2024-06-01,42708,45719,3011,152,5,0
6057,2024-06-01,26666,28955,2289,152,5,0
6058,2024-06-01,64189,66814,2625,152,5,0
6059,2024-06-01,59587,62740,3153,152,5,0
6060,2024-06-01,27241,29541,2300,152,5,0
6061,2024-06-01,50486,53359,2873,152,5,0
6062,2024-06-01,62393,65379,2986,152,5,0
6063,2024-06-01,58984,61489,2505,152,5,0
6064,2024-06-01,57292,59931,2639,152,5,0
6065,2024-06-01,36597,38995,2398,152,5,0
6066,2024-06-01,38299,40891,2592,152,5,0
6067,2024-06-01,56188,59030,2842,152,5,0
6068,2024-06-01,49201,52240,3039,152,5,0
6069,2024-06-01,25467,27712,2245,152,5,0
6070,2024-06-01,55694,58530,2836,152,5,0
6071,2024-06-01,39999,42308,2309,152,5,0
6072,2024-06-01,47987,50894,2907,152,5,0
6073,2024-06-01,33513,36104,2591,152,5,0
6074,2024-06-01,34089,36562,2473,152,5,0
6075,2024-06-01,46787,49441,2654,152,5,0
6076,2024-06-01,25981,28631,2650,152,5,0
6077,2024-06-01,30082,32203,2121,152,5,0
6078,2024-06-01,32251,34601,2350,152,5,0
6079,2024-06-01,32943,35443,2500,152,5,0
6080,2024-06-01,34651,37127,2476,152,5,0
6081,2024-06-01,40697,43333,2636,152,5,0
6082,2024-06-01,41283,44038,2755,152,5,0
6083,2024-06-01,47394,50278,2884,152,5,0
6084,2024-06-01,51685,54394,2709,152,5,0
6085,2024-06-01,52788,55517,2729,152,5,0
6086,2024-06-01,53293,56324,3031,152,5,0
6087,2024-06-01,54792,57946,3154,152,5,0
6088,2024-06-01,59287,61891,2604,152,5,0
6089,2024-06-01,61199,63716,2517,152,5,0
6090,2024-06-01,65791,68328,2537,152,5,0
6091,2024-06-02,27058,29054,1996,153,6,0
6092,2024-06-02,32978,35382,2404,153,6,0
6093,2024-06-02,35839,38079,2240,153,6,0
6094,2024-06-02,41763,44350,2587,153,6,0
6095,2024-06-02,42563,44813,2250,153,6,0
6096,2024-06-02,47577,50806,3229,153,6,0
6097,2024-06-02,48600,51007,2407,153,6,0
6098,2024-06-02,51337,53824,2487,153,6,0
6099,2024-06-02,61289,63981,2692,153,6,0
6100,2024-06-02,56807,59295,2488,153,6,0
6101,2024-06-02,62291,64479,2188,153,6,0
6102,2024-06-02,64084,66618,2534,153,6,0
6103,2024-06-02,58492,61063,2571,153,6,0
6104,2024-06-02,25888,28139,2251,153,6,0
6105,2024-06-02,30135,32820,2685,153,6,0
6106,2024-06-02,30713,33180,2467,153,6,0
6107,2024-06-02,31274,33551,2277,153,6,0
6108,2024-06-02,32412,34653,2241,153,6,0
6109,2024-06-02,34810,37461,2651,153,6,0
6110,2024-06-02,36062,38912,2850,153,6,0
6111,2024-06-02,38225,40767,2542,153,6,0
6112,2024-06-02,38801,41500,2699,153,6,0
6113,2024-06-02,39477,41995,2518,153,6,0
6114,2024-06-02,40515,43560,3045,153,6,0
6115,2024-06-02,43822,46108,2286,153,6,0
6116,2024-06-02,44388,47099,2711,153,6,0
6117,2024-06-02,46439,49109,2670,153,6,0
6118,2024-06-02,49175,51609,2434,153,6,0
6119,2024-06-02,49754,52918,3164,153,6,0
6120,2024-06-02,54759,57382,2623,153,6,0
6121,2024-06-02,53624,56657,3033,153,6,0
6122,2024-06-02,55386,57632,2246,153,6,0
6123,2024-06-02,55989,58573,2584,153,6,0
6124,2024-06-02,57907,60218,2311,153,6,0
6125,2024-06-02,59808,62414,2606,153,6,0
6126,2024-06-02,60895,63820,2925,153,6,0
6127,2024-06-02,62790,65499,2709,153,6,0
6128,2024-06-03,60060,63295,3235,154,0,0
6129,2024-06-03,36321,38846,2525,154,0,0
6130,2024-06-03,33600,36170,2570,154,0,0
6131,2024-06-03,33139,35818,2679,154,0,0
6132,2024-06-03,29707,32276,2569,154,0,0
6133,2024-06-03,63045,65765,2720,154,0,0
6134,2024-06-03,26459,29115,2656,154,0,0
6135,2024-06-03,43951,46873,2922,154,0,0
6136,2024-06-03,61241,64085,2844,154,0,0
6137,2024-06-03,35638,38151,2513,154,0,0
6138,2024-06-03,60645,63834,3189,154,0,0
6139,2024-06-03,35191,37674,2483,154,0,0
6140,2024-06-03,46793,49620,2827,154,0,0
6141,2024-06-03,34050,36437,2387,154,0,0
6142,2024-06-03,59090,62651,3561,154,0,0
6143,2024-06-03,46347,49152,2805,154,0,0
6144,2024-06-03,39504,42109,2605,154,0,0
6145,2024-06-03,64962,67980,3018,154,0,0
6146,2024-06-03,32345,34735,2390,154,0,0
6147,2024-06-03,32581,35115,2534,154,0,0
6148,2024-06-03,61840,64657,2817,154,0,0
6149,2024-06-03,64382,67091,2709,154,0,0
6150,2024-06-03,63888,66564,2676,154,0,0
6151,2024-06-03,34508,36873,2365,154,0,0
6152,2024-06-03,30656,33144,2488,154,0,0
6153,2024-06-03,30423,32620,2197,154,0,0
6154,2024-06-03,28502,31085,2583,154,0,0
6155,2024-06-03,29350,31987,2637,154,0,0
6156,2024-06-03,34855,37644,2789,154,0,0
6157,2024-06-03,39184,41829,2645,154,0,0
6158,2024-06-03,38693,41422,2729,154,0,0
6159,2024-06-03,39844,42440,2596,154,0,0
6160,2024-06-03,42002,45136,3134,154,0,0
6161,2024-06-03,41551,44163,2612,154,0,0
6162,2024-06-03,45089,47479,2390,154,0,0
6163,2024-06-03,45322,47926,2604,154,0,0
6164,2024-06-03,48051,50433,2382,154,0,0
6165,2024-06-03,62443,65023,2580,154,0,0
6166,2024-06-04,61598,64372,2774,155,1,0
6167,2024-06-04,51505,54469,2964,155,1,0
6168,2024-06-04,49189,52579,3390,155,1,0
6169,2024-06-04,46588,49305,2717,155,1,0
6170,2024-06-04,39889,42460,2571,155,1,0
6171,2024-06-04,63156,65776,2620,155,1,0
6172,2024-06-04,38098,40996,2898,155,1,0
6173,2024-06-04,53188,56083,2895,155,1,0
6174,2024-06-04,29822,32547,2725,155,1,0
6175,2024-06-04,50000,53139,3139,155,1,0
6176,2024-06-04,62676,65372,2696,155,1,0
6177,2024-06-04,56472,59032,2560,155,1,0
6178,2024-06-04,25849,28100,2251,155,1,0
6179,2024-06-04,31501,34163,2662,155,1,0
6180,2024-06-04,44495,47406,2911,155,1,0
6181,2024-06-04,61001,63736,2735,155,1,0
6182,2024-06-04,54639,57310,2671,155,1,0
6183,2024-06-04,35699,38013,2314,155,1,0
6184,2024-06-04,43616,46140,2524,155,1,0
6185,2024-06-04,48201,50896,2695,155,1,0
6186,2024-06-04,60515,63204,2689,155,1,0
6187,2024-06-04,35337,37681,2344,155,1,0
6188,2024-06-04,52948,55617,2669,155,1,0
6189,2024-06-04,47089,49628,2539,155,1,0
6190,2024-06-04,34496,36962,2466,155,1,0
6191,2024-06-04,28019,31037,3018,155,1,0
6192,2024-06-04,57641,60666,3025,155,1,0
6193,2024-06-04,39384,42267,2883,155,1,0
6194,2024-06-04,45290,48110,2820,155,1,0
6195,2024-06-04,26100,28765,2665,155,1,0
6196,2024-06-04,32814,35687,2873,155,1,0
6197,2024-06-04,51031,54097,3066,155,1,0
6198,2024-06-04,47687,50222,2535,155,1,0
6199,2024-06-04,41093,43808,2715,155,1,0
6200,2024-06-04,60044,62901,2857,155,1,0
6201,2024-06-04,53901,56677,2776,155,1,0
6202,2024-06-04,31023,33603,2580,155,1,0
6203,2024-06-04,49592,52921,3329,155,1,0
6204,2024-06-04,36580,39197,2617,155,1,0
6205,2024-06-04,43979,46827,2848,155,1,0
6206,2024-06-04,30175,32801,2626,155,1,0
6207,2024-06-04,37382,39601,2219,155,1,0
6208,2024-06-04,40739,43224,2485,155,1,0
6209,2024-06-04,28983,31386,2403,155,1,0
6210,2024-06-04,26342,28944,2602,155,1,0
6211,2024-06-04,27180,29772,2592,155,1,0
6212,2024-06-04,27789,30610,2821,155,1,0
6213,2024-06-04,29350,31827,2477,155,1,0
6214,2024-06-04,30579,33272,2693,155,1,0
6215,2024-06-04,34019,36725,2706,155,1,0
6216,2024-06-04,37801,40390,2589,155,1,0
6217,2024-06-04,39086,41961,2875,155,1,0
6218,2024-06-04,40590,43024,2434,155,1,0
6219,2024-06-04,41485,44386,2901,155,1,0
6220,2024-06-04,42486,45636,3150,155,1,0
6221,2024-06-04,45891,48589,2698,155,1,0
6222,2024-06-04,51891,54798,2907,155,1,0
6223,2024-06-04,57036,60143,3107,155,1,0
6224,2024-06-04,58241,61213,2972,155,1,0
6225,2024-06-04,58714,61489,2775,155,1,0
6226,2024-06-04,59199,62169,2970,155,1,0
6227,2024-06-04,59551,62694,3143,155,1,0
6228,2024-06-04,63760,66747,2987,155,1,0
6229,2024-06-04,65438,68302,2864,155,1,0
6230,2024-06-05,58242,61222,2980,156,2,0
6231,2024-06-05,54535,56939,2404,156,2,0
6232,2024-06-05,51887,54526,2639,156,2,0
6233,2024-06-05,46309,48693,2384,156,2,0
6234,2024-06-05,39588,41983,2395,156,2,0
6235,2024-06-05,53504,56226,2722,156,2,0
6236,2024-06-05,33059,35980,2921,156,2,0
6237,2024-06-05,50200,52511,2311,156,2,0
6238,2024-06-05,62686,65624,2938,156,2,0
6239,2024-06-05,27176,29890,2714,156,2,0
6240,2024-06-05,63647,66263,2616,156,2,0
6241,2024-06-05,25500,28176,2676,156,2,0
6242,2024-06-05,31989,34624,2635,156,2,0
6243,2024-06-05,60392,63146,2754,156,2,0
6244,2024-06-05,35468,37734,2266,156,2,0
6245,2024-06-05,59082,62289,3207,156,2,0
6246,2024-06-05,46990,49720,2730,156,2,0
6247,2024-06-05,34271,36963,2692,156,2,0
6248,2024-06-05,28260,31312,3052,156,2,0
6249,2024-06-05,57768,60753,2985,156,2,0
6250,2024-06-05,65320,67668,2348,156,2,0
6251,2024-06-05,38583,41297,2714,156,2,0
6252,2024-06-05,51390,53823,2433,156,2,0
6253,2024-06-05,64964,67415,2451,156,2,0
6254,2024-06-05,26815,29261,2446,156,2,0
6255,2024-06-05,64127,66912,2785,156,2,0
6256,2024-06-05,47600,50114,2514,156,2,0
6257,2024-06-05,62212,64902,2690,156,2,0
6258,2024-06-05,49603,52290,2687,156,2,0
6259,2024-06-05,30665,32948,2283,156,2,0
6260,2024-06-05,25987,28723,2736,156,2,0
6261,2024-06-05,28857,31558,2701,156,2,0
6262,2024-06-05,29469,32080,2611,156,2,0
6263,2024-06-05,29824,32675,2851,156,2,0
6264,2024-06-05,31020,33539,2519,156,2,0
6265,2024-06-05,32226,35073,2847,156,2,0
6266,2024-06-05,35940,38405,2465,156,2,0
6267,2024-06-05,37794,40567,2773,156,2,0
6268,2024-06-05,40697,43599,2902,156,2,0
6269,2024-06-05,41090,43869,2779,156,2,0
6270,2024-06-05,42684,45267,2583,156,2,0
6271,2024-06-05,48193,51268,3075,156,2,0
6272,2024-06-05,54099,56696,2597,156,2,0
6273,2024-06-05,55118,58013,2895,156,2,0
6274,2024-06-05,55485,58335,2850,156,2,0
6275,2024-06-05,56325,59412,3087,156,2,0
6276,2024-06-06,49191,51858,2667,157,3,0
6277,2024-06-06,42489,45241,2752,157,3,0
6278,2024-06-06,53494,56139,2645,157,3,0
6279,2024-06-06,33187,36186,2999,157,3,0
6280,2024-06-06,26935,29725,2790,157,3,0
6281,2024-06-06,26696,29165,2469,157,3,0
6282,2024-06-06,56438,59404,2966,157,3,0
6283,2024-06-06,50486,52768,2282,157,3,0
6284,2024-06-06,61019,63597,2578,157,3,0
6285,2024-06-06,54525,58273,3748,157,3,0
6286,2024-06-06,35698,38136,2438,157,3,0
6287,2024-06-06,47993,50583,2590,157,3,0
6288,2024-06-06,28866,31498,2632,157,3,0
6289,2024-06-06,41488,44500,3012,157,3,0
6290,2024-06-06,35107,37929,2822,157,3,0
6291,2024-06-06,59441,62116,2675,157,3,0
6292,2024-06-06,46794,49221,2427,157,3,0
6293,2024-06-06,34031,36617,2586,157,3,0
6294,2024-06-06,40092,42392,2300,157,3,0
6295,2024-06-06,28498,31173,2675,157,3,0
6296,2024-06-06,27191,30176,2985,157,3,0
6297,2024-06-06,58358,60975,2617,157,3,0
6298,2024-06-06,52786,55484,2698,157,3,0
6299,2024-06-06,25997,28658,2661,157,3,0
6300,2024-06-06,64840,67470,2630,157,3,0
6301,2024-06-06,44890,47646,2756,157,3,0
6302,2024-06-06,25632,27947,2315,157,3,0
6303,2024-06-06,57767,60465,2698,157,3,0
6304,2024-06-06,64244,67136,2892,157,3,0
6305,2024-06-06,57048,59921,2873,157,3,0
6306,2024-06-06,64008,66836,2828,157,3,0
6307,2024-06-06,51587,54406,2819,157,3,0
6308,2024-06-06,31985,34674,2689,157,3,0
6309,2024-06-06,37789,41052,3263,157,3,0
6310,2024-06-06,47388,49718,2330,157,3,0
6311,2024-06-06,41003,43904,2901,157,3,0
6312,2024-06-06,60286,62874,2588,157,3,0
6313,2024-06-06,54110,56802,2692,157,3,0
6314,2024-06-06,31146,33808,2662,157,3,0
6315,2024-06-06,55483,58655,3172,157,3,0
6316,2024-06-06,36682,39238,2556,157,3,0
6317,2024-06-06,30658,33309,2651,157,3,0
6318,2024-06-06,49893,52487,2594,157,3,0
6319,2024-06-06,28031,31075,3044,157,3,0
6320,2024-06-06,34506,37238,2732,157,3,0
6321,2024-06-06,34861,37659,2798,157,3,0
6322,2024-06-06,36182,39056,2874,157,3,0
6323,2024-06-06,38689,41803,3114,157,3,0
6324,2024-06-06,43283,45642,2359,157,3,0
6325,2024-06-06,48589,51020,2431,157,3,0
6326,2024-06-06,50989,53539,2550,157,3,0
6327,2024-06-06,62195,64665,2470,157,3,0
6328,2024-06-07,65098,67790,2692,158,4,0
6329,2024-06-07,61359,63869,2510,158,4,0
6330,2024-06-07,54537,57339,2802,158,4,0
6331,2024-06-07,39400,42232,2832,158,4,0
6332,2024-06-07,29712,32322,2610,158,4,0
6333,2024-06-07,50094,52865,2771,158,4,0
6334,2024-06-07,62801,65572,2771,158,4,0
6335,2024-06-07,55840,58419,2579,158,4,0
6336,2024-06-07,26707,29617,2910,158,4,0
6337,2024-06-07,56328,59009,2681,158,4,0
6338,2024-06-07,35471,37775,2304,158,4,0
6339,2024-06-07,29339,31905,2566,158,4,0
6340,2024-06-07,47496,50135,2639,158,4,0
6341,2024-06-07,52783,55244,2461,158,4,0
6342,2024-06-07,59079,61791,2712,158,4,0
6343,2024-06-07,46896,49360,2464,158,4,0
6344,2024-06-07,34020,36355,2335,158,4,0
6345,2024-06-07,28502,30960,2458,158,4,0
6346,2024-06-07,28029,30600,2571,158,4,0
6347,2024-06-07,58618,61100,2482,158,4,0
6348,2024-06-07,46296,48932,2636,158,4,0
6349,2024-06-07,52211,54821,2610,158,4,0
6350,2024-06-07,40091,42808,2717,158,4,0
6351,2024-06-07,33783,36211,2428,158,4,0
6352,2024-06-07,26346,28982,2636,158,4,0
6353,2024-06-07,57886,60639,2753,158,4,0
6354,2024-06-07,64966,67270,2304,158,4,0
6355,2024-06-07,32699,35295,2596,158,4,0
6356,2024-06-07,44604,47036,2432,158,4,0
6357,2024-06-07,38600,41426,2826,158,4,0
6358,2024-06-07,51386,54105,2719,158,4,0
6359,2024-06-07,64212,66875,2663,158,4,0
6360,2024-06-07,25499,27924,2425,158,4,0
6361,2024-06-07,63753,66500,2747,158,4,0
6362,2024-06-07,50994,53811,2817,158,4,0
6363,2024-06-07,31874,34674,2800,158,4,0
6364,2024-06-07,53688,55941,2253,158,4,0
6365,2024-06-07,62203,64976,2773,158,4,0
6366,2024-06-07,31015,33372,2357,158,4,0
6367,2024-06-07,36491,39384,2893,158,4,0
6368,2024-06-07,55239,57931,2692,158,4,0
6369,2024-06-07,61840,64431,2591,158,4,0
6370,2024-06-07,30554,32883,2329,158,4,0
6371,2024-06-07,43105,45541,2436,158,4,0
6372,2024-06-07,30188,32792,2604,158,4,0
6373,2024-06-07,27421,30207,2786,158,4,0
6374,2024-06-07,31385,34169,2784,158,4,0
6375,2024-06-07,39086,41825,2739,158,4,0
6376,2024-06-07,41087,44649,3562,158,4,0
6377,2024-06-07,42693,45303,2610,158,4,0
6378,2024-06-07,43597,46288,2691,158,4,0
6379,2024-06-07,44991,47280,2289,158,4,0
6380,2024-06-07,48491,50988,2497,158,4,0
6381,2024-06-07,49599,52279,2680,158,4,0
6382,2024-06-07,50485,53400,2915,158,4,0
6383,2024-06-07,51889,54533,2644,158,4,0
6384,2024-06-07,54103,57053,2950,158,4,0
6385,2024-06-07,56822,59840,3018,158,4,0
6386,2024-06-07,58239,60738,2499,158,4,0
6387,2024-06-07,60044,62549,2505,158,4,0
6388,2024-06-07,60885,63408,2523,158,4,0
6389,2024-06-07,63171,66335,3164,158,4,0
6390,2024-06-07,65683,68286,2603,158,4,0
6391,2024-06-08,31773,34182,2409,159,5,0
6392,2024-06-08,64688,68035,3347,159,5,0
6393,2024-06-08,44389,46949,2560,159,5,0
6394,2024-06-08,61303,64256,2953,159,5,0
6395,2024-06-08,43286,45884,2598,159,5,0
6396,2024-06-08,26737,29071,2334,159,5,0
6397,2024-06-08,59788,62403,2615,159,5,0
6398,2024-06-08,51092,53603,2511,159,5,0
6399,2024-06-08,27564,30391,2827,159,5,0
6400,2024-06-08,60692,63698,3006,159,5,0
6401,2024-06-08,49987,52478,2491,159,5,0
6402,2024-06-08,40391,43363,2972,159,5,0
6403,2024-06-08,57788,60286,2498,159,5,0
6404,2024-06-08,30058,32727,2669,159,5,0
6405,2024-06-08,58497,61123,2626,159,5,0
6406,2024-06-08,39585,43047,3462,159,5,0
6407,2024-06-08,48295,51265,2970,159,5,0
6408,2024-06-08,37709,40162,2453,159,5,0
6409,2024-06-08,56592,59531,2939,159,5,0
6410,2024-06-08,35977,38089,2112,159,5,0
6411,2024-06-08,59101,61933,2832,159,5,0
6412,2024-06-08,35317,37866,2549,159,5,0
6413,2024-06-08,47287,50148,2861,159,5,0
6414,2024-06-08,33483,36235,2752,159,5,0
6415,2024-06-08,54407,56975,2568,159,5,0
6416,2024-06-08,55087,58066,2979,159,5,0
6417,2024-06-08,34282,36562,2280,159,5,0
6418,2024-06-08,32238,34724,2486,159,5,0
6419,2024-06-08,45783,48784,3001,159,5,0
6420,2024-06-08,53587,56156,2569,159,5,0
6421,2024-06-08,52900,55371,2471,159,5,0
6422,2024-06-08,29045,31716,2671,159,5,0
6423,2024-06-08,25431,27959,2528,159,5,0
6424,2024-06-08,26098,28472,2374,159,5,0
6425,2024-06-08,27898,30456,2558,159,5,0
6426,2024-06-08,29720,32001,2281,159,5,0
6427,2024-06-08,31323,33887,2564,159,5,0
6428,2024-06-08,32917,35383,2466,159,5,0
6429,2024-06-08,36216,39064,2848,159,5,0
6430,2024-06-08,37190,39658,2468,159,5,0
6431,2024-06-08,42686,45070,2384,159,5,0
6432,2024-06-08,44991,47568,2577,159,5,0
6433,2024-06-08,48888,52007,3119,159,5,0
6434,2024-06-08,51780,54867,3087,159,5,0
6435,2024-06-08,56083,58794,2711,159,5,0
6436,2024-06-08,55590,58241,2651,159,5,0
6437,2024-06-08,61897,64589,2692,159,5,0
6438,2024-06-09,25891,28159,2268,160,6,0
6439,2024-06-09,26381,28541,2160,160,6,0
6440,2024-06-09,33651,36107,2456,160,6,0
6441,2024-06-09,27075,29102,2027,160,6,0
6442,2024-06-09,32962,35410,2448,160,6,0
6443,2024-06-09,27688,29848,2160,160,6,0
6444,2024-06-09,28284,30901,2617,160,6,0
6445,2024-06-09,29662,32605,2943,160,6,0
6446,2024-06-09,30925,33417,2492,160,6,0
6447,2024-06-09,34441,36628,2187,160,6,0
6448,2024-06-09,35465,38032,2567,160,6,0
6449,2024-06-09,36157,39070,2913,160,6,0
6450,2024-06-09,37647,40188,2541,160,6,0
6451,2024-06-09,38445,40983,2538,160,6,0
6452,2024-06-09,40831,43584,2753,160,6,0
6453,2024-06-09,46870,49425,2555,160,6,0
6454,2024-06-09,43569,46413,2844,160,6,0
6455,2024-06-09,45166,47809,2643,160,6,0
6456,2024-06-09,45843,48238,2395,160,6,0
6457,2024-06-09,46302,48899,2597,160,6,0
6458,2024-06-09,53024,55507,2483,160,6,0
6459,2024-06-09,53712,56307,2595,160,6,0
6460,2024-06-09,48120,50674,2554,160,6,0
6461,2024-06-09,56103,58384,2281,160,6,0
6462,2024-06-09,49955,52370,2415,160,6,0
6463,2024-06-09,51783,54848,3065,160,6,0
6464,2024-06-09,52341,55118,2777,160,6,0
6465,2024-06-09,60394,63028,2634,160,6,0
6466,2024-06-09,54166,56778,2612,160,6,0
6467,2024-06-09,60889,63611,2722,160,6,0
6468,2024-06-09,54721,57371,2650,160,6,0
6469,2024-06-09,62890,65425,2535,160,6,0
6470,2024-06-09,58488,60999,2511,160,6,0
6471,2024-06-09,59105,61675,2570,160,6,0
6472,2024-06-09,65399,68014,2615,160,6,0
6473,2024-06-09,25293,27942,2649,160,6,0
6474,2024-06-09,31712,34008,2296,160,6,0
6475,2024-06-09,31842,34805,2963,160,6,0
6476,2024-06-09,34788,37336,2548,160,6,0
6477,2024-06-09,39244,41575,2331,160,6,0
6478,2024-06-09,39682,42330,2648,160,6,0
6479,2024-06-09,40212,42870,2658,160,6,0
6480,2024-06-09,43335,46223,2888,160,6,0
6481,2024-06-09,44021,46574,2553,160,6,0
6482,2024-06-09,44526,47120,2594,160,6,0
6483,2024-06-09,51088,53597,2509,160,6,0
6484,2024-06-09,56675,59363,2688,160,6,0
6485,2024-06-09,57500,60145,2645,160,6,0
6486,2024-06-09,57887,60432,2545,160,6,0
6487,2024-06-09,59689,62207,2518,160,6,0
6488,2024-06-09,61499,64367,2868,160,6,0
6489,2024-06-09,64094,66583,2489,160,6,0
6490,2024-06-09,64687,67091,2404,160,6,0
6491,2024-06-10,65569,68104,2535,161,0,0
6492,2024-06-10,61587,64331,2744,161,0,0
6493,2024-06-10,58163,60903,2740,161,0,0
6494,2024-06-10,48590,51391,2801,161,0,0
6495,2024-06-10,59536,62505,2969,161,0,0
6496,2024-06-10,33660,36715,3055,161,0,0
6497,2024-06-10,55955,58560,2605,161,0,0
6498,2024-06-10,26929,29752,2823,161,0,0
6499,2024-06-10,60902,63703,2801,161,0,0
6500,2024-06-10,29455,31904,2449,161,0,0
6501,2024-06-10,48067,50458,2391,161,0,0
6502,2024-06-10,60209,62942,2733,161,0,0
6503,2024-06-10,28980,31646,2666,161,0,0
6504,2024-06-10,41490,44328,2838,161,0,0
6505,2024-06-10,59070,62158,3088,161,0,0
6506,2024-06-10,46774,49301,2527,161,0,0
6507,2024-06-10,41002,43337,2335,161,0,0
6508,2024-06-10,27972,30734,2762,161,0,0
6509,2024-06-10,52185,54557,2372,161,0,0
6510,2024-06-10,40199,43248,3049,161,0,0
6511,2024-06-10,57813,60183,2370,161,0,0
6512,2024-06-10,64998,67691,2693,161,0,0
6513,2024-06-10,45640,48663,3023,161,0,0
6514,2024-06-10,64539,67120,2581,161,0,0
6515,2024-06-10,25511,28251,2740,161,0,0
6516,2024-06-10,51047,53736,2689,161,0,0
6517,2024-06-10,43398,46091,2693,161,0,0
6518,2024-06-10,30543,34511,3968,161,0,0
6519,2024-06-10,49919,52747,2828,161,0,0
6520,2024-06-10,30180,34474,4294,161,0,0
6521,2024-06-10,49087,51921,2834,161,0,0
6522,2024-06-10,42952,45482,2530,161,0,0
6523,2024-06-10,63638,66464,2826,161,0,0
6524,2024-06-10,27909,30347,2438,161,0,0
6525,2024-06-10,28499,31167,2668,161,0,0
6526,2024-06-10,31982,35440,3458,161,0,0
6527,2024-06-10,38983,42173,3190,161,0,0
6528,2024-06-10,44138,46670,2532,161,0,0
6529,2024-06-10,46321,48803,2482,161,0,0
6530,2024-06-10,55269,58387,3118,161,0,0
6531,2024-06-10,56563,59301,2738,161,0,0
6532,2024-06-10,57247,59857,2610,161,0,0
6533,2024-06-10,62377,65000,2623,161,0,0
6534,2024-06-11,65473,68036,2563,162,1,0
6535,2024-06-11,54543,57093,2550,162,1,0
6536,2024-06-11,59550,62480,2930,162,1,0
6537,2024-06-11,62965,65837,2872,162,1,0
6538,2024-06-11,56357,59038,2681,162,1,0
6539,2024-06-11,54189,56474,2285,162,1,0
6540,2024-06-11,48405,51037,2632,162,1,0
6541,2024-06-11,41831,45173,3342,162,1,0
6542,2024-06-11,60914,63407,2493,162,1,0
6543,2024-06-11,28979,31766,2787,162,1,0
6544,2024-06-11,41485,44488,3003,162,1,0
6545,2024-06-11,35466,37723,2257,162,1,0
6546,2024-06-11,52594,55519,2925,162,1,0
6547,2024-06-11,27670,30702,3032,162,1,0
6548,2024-06-11,58632,61372,2740,162,1,0
6549,2024-06-11,51939,54713,2774,162,1,0
6550,2024-06-11,33419,37010,3591,162,1,0
6551,2024-06-11,26147,28801,2654,162,1,0
6552,2024-06-11,32819,35823,3004,162,1,0
6553,2024-06-11,38892,41756,2864,162,1,0
6554,2024-06-11,45582,47999,2417,162,1,0
6555,2024-06-11,50445,53082,2637,162,1,0
6556,2024-06-11,32213,35094,2881,162,1,0
6557,2024-06-11,57480,60080,2600,162,1,0
6558,2024-06-11,64559,67480,2921,162,1,0
6559,2024-06-11,25920,28422,2502,162,1,0
6560,2024-06-11,56957,59705,2748,162,1,0
6561,2024-06-11,38334,41019,2685,162,1,0
6562,2024-06-11,47579,50126,2547,162,1,0
6563,2024-06-11,40930,44046,3116,162,1,0
6564,2024-06-11,34480,37163,2683,162,1,0
6565,2024-06-11,28608,31359,2751,162,1,0
6566,2024-06-11,60451,63010,2559,162,1,0
6567,2024-06-11,30872,33505,2633,162,1,0
6568,2024-06-11,49545,52621,3076,162,1,0
6569,2024-06-11,37201,39934,2733,162,1,0
6570,2024-06-11,40445,43135,2690,162,1,0
6571,2024-06-11,63658,66356,2698,162,1,0
6572,2024-06-11,28352,30887,2535,162,1,0
6573,2024-06-11,37652,40470,2818,162,1,0
6574,2024-06-11,38566,41319,2753,162,1,0
6575,2024-06-11,40215,42843,2628,162,1,0
6576,2024-06-11,46103,48765,2662,162,1,0
6577,2024-06-11,47920,50477,2557,162,1,0
6578,2024-06-11,48969,51691,2722,162,1,0
6579,2024-06-11,51128,54108,2980,162,1,0
6580,2024-06-11,53275,55984,2709,162,1,0
6581,2024-06-11,55473,58151,2678,162,1,0
6582,2024-06-11,55901,58492,2591,162,1,0
6583,2024-06-11,58061,60349,2288,162,1,0
6584,2024-06-11,60110,62644,2534,162,1,0
6585,2024-06-11,62502,65069,2567,162,1,0
6586,2024-06-11,63991,66788,2797,162,1,0
6587,2024-06-12,61787,64436,2649,163,2,0
6588,2024-06-12,58134,60807,2673,163,2,0
6589,2024-06-12,51827,54295,2468,163,2,0
6590,2024-06-12,49551,52038,2487,163,2,0
6591,2024-06-12,59622,62518,2896,163,2,0
6592,2024-06-12,33557,36355,2798,163,2,0
6593,2024-06-12,52735,55308,2573,163,2,0
6594,2024-06-12,55877,58732,2855,163,2,0
6595,2024-06-12,50462,52956,2494,163,2,0
6596,2024-06-12,63626,66260,2634,163,2,0
6597,2024-06-12,37303,39899,2596,163,2,0
6598,2024-06-12,61326,63710,2384,163,2,0
6599,2024-06-12,54576,57171,2595,163,2,0
6600,2024-06-12,48371,50866,2495,163,2,0
6601,2024-06-12,35831,38453,2622,163,2,0
6602,2024-06-12,41834,44282,2448,163,2,0
6603,2024-06-12,50006,52273,2267,163,2,0
6604,2024-06-12,60301,62975,2674,163,2,0
6605,2024-06-12,47754,50028,2274,163,2,0
6606,2024-06-12,28973,32157,3184,163,2,0
6607,2024-06-12,58698,61173,2475,163,2,0
6608,2024-06-12,52284,54727,2443,163,2,0
6609,2024-06-12,34017,36571,2554,163,2,0
6610,2024-06-12,26350,29093,2743,163,2,0
6611,2024-06-12,57801,60104,2303,163,2,0
6612,2024-06-12,65664,68076,2412,163,2,0
6613,2024-06-12,38592,41271,2679,163,2,0
6614,2024-06-12,45827,48376,2549,163,2,0
6615,2024-06-12,25899,28500,2601,163,2,0
6616,2024-06-12,56799,59494,2695,163,2,0
6617,2024-06-12,64073,66773,2700,163,2,0
6618,2024-06-12,50917,53400,2483,163,2,0
6619,2024-06-12,31868,34526,2658,163,2,0
6620,2024-06-12,62476,65197,2721,163,2,0
6621,2024-06-12,31501,34194,2693,163,2,0
6622,2024-06-12,55563,58364,2801,163,2,0
6623,2024-06-12,55069,57674,2605,163,2,0
6624,2024-06-12,31121,33695,2574,163,2,0
6625,2024-06-12,43419,45619,2200,163,2,0
6626,2024-06-12,36902,39502,2600,163,2,0
6627,2024-06-12,25563,27962,2399,163,2,0
6628,2024-06-12,27151,30086,2935,163,2,0
6629,2024-06-12,27459,31883,4424,163,2,0
6630,2024-06-12,32682,35387,2705,163,2,0
6631,2024-06-12,35103,37697,2594,163,2,0
6632,2024-06-12,36473,39362,2889,163,2,0
6633,2024-06-12,38366,40844,2478,163,2,0
6634,2024-06-12,39273,41818,2545,163,2,0
6635,2024-06-12,40870,43302,2432,163,2,0
6636,2024-06-12,41133,43907,2774,163,2,0
6637,2024-06-12,44570,46751,2181,163,2,0
6638,2024-06-12,46513,48834,2321,163,2,0
6639,2024-06-12,51373,53913,2540,163,2,0
6640,2024-06-12,53309,56133,2824,163,2,0
6641,2024-06-12,53711,56880,3169,163,2,0
6642,2024-06-12,56450,59085,2635,163,2,0
6643,2024-06-12,57270,59969,2699,163,2,0
6644,2024-06-12,59158,61671,2513,163,2,0
6645,2024-06-12,60755,63369,2614,163,2,0
6646,2024-06-12,63078,65779,2701,163,2,0
6647,2024-06-12,64528,67158,2630,163,2,0
6648,2024-06-12,65210,67682,2472,163,2,0
6649,2024-06-13,65526,68006,2480,164,3,0
6650,2024-06-13,58912,61381,2469,164,3,0
6651,2024-06-13,46026,48347,2321,164,3,0
6652,2024-06-13,39531,41933,2402,164,3,0
6653,2024-06-13,60856,63488,2632,164,3,0
6654,2024-06-13,33593,36067,2474,164,3,0
6655,2024-06-13,32974,35404,2430,164,3,0
6656,2024-06-13,29583,32543,2960,164,3,0
6657,2024-06-13,50133,54556,4423,164,3,0
6658,2024-06-13,55718,59061,3343,164,3,0
6659,2024-06-13,27218,29998,2780,164,3,0
6660,2024-06-13,37473,40085,2612,164,3,0
6661,2024-06-13,31496,34242,2746,164,3,0
6662,2024-06-13,44084,46754,2670,164,3,0
6663,2024-06-13,60973,64024,3051,164,3,0
6664,2024-06-13,53672,56639,2967,164,3,0
6665,2024-06-13,36001,38613,2612,164,3,0
6666,2024-06-13,41807,44242,2435,164,3,0
6667,2024-06-13,29163,32093,2930,164,3,0
6668,2024-06-13,48312,51018,2706,164,3,0
6669,2024-06-13,35200,37773,2573,164,3,0
6670,2024-06-13,52751,55922,3171,164,3,0
6671,2024-06-13,59706,62372,2666,164,3,0
6672,2024-06-13,34743,37413,2670,164,3,0
6673,2024-06-13,27562,30757,3195,164,3,0
6674,2024-06-13,59024,61738,2714,164,3,0
6675,2024-06-13,65872,68296,2424,164,3,0
6676,2024-06-13,58001,60759,2758,164,3,0
6677,2024-06-13,38651,41730,3079,164,3,0
6678,2024-06-13,46599,49053,2454,164,3,0
6679,2024-06-13,44886,47461,2575,164,3,0
6680,2024-06-13,38615,41365,2750,164,3,0
6681,2024-06-13,26078,28651,2573,164,3,0
6682,2024-06-13,64616,67341,2725,164,3,0
6683,2024-06-13,25621,28151,2530,164,3,0
6684,2024-06-13,44439,47121,2682,164,3,0
6685,2024-06-13,38398,41077,2679,164,3,0
6686,2024-06-13,47859,50545,2686,164,3,0
6687,2024-06-13,53448,56446,2998,164,3,0
6688,2024-06-13,43632,46407,2775,164,3,0
6689,2024-06-13,36227,39055,2828,164,3,0
6690,2024-06-13,26510,29141,2631,164,3,0
6691,2024-06-13,29920,32956,3036,164,3,0
6692,2024-06-13,37203,40732,3529,164,3,0
6693,2024-06-13,40680,43445,2765,164,3,0
6694,2024-06-13,28936,31607,2671,164,3,0
6695,2024-06-13,30770,33785,3015,164,3,0
6696,2024-06-13,37031,39567,2536,164,3,0
6697,2024-06-13,40555,42722,2167,164,3,0
6698,2024-06-13,41141,43834,2693,164,3,0
6699,2024-06-13,42265,44618,2353,164,3,0
6700,2024-06-13,43421,46150,2729,164,3,0
6701,2024-06-13,45355,47889,2534,164,3,0
6702,2024-06-13,54359,57640,3281,164,3,0
6703,2024-06-13,55010,58025,3015,164,3,0
6704,2024-06-13,56820,59645,2825,164,3,0
6705,2024-06-13,57410,60180,2770,164,3,0
6706,2024-06-14,61480,64531,3051,165,4,0
6707,2024-06-14,54765,57217,2452,165,4,0
6708,2024-06-14,52202,55134,2932,165,4,0
6709,2024-06-14,45894,48731,2837,165,4,0
6710,2024-06-14,42693,45489,2796,165,4,0
6711,2024-06-14,53193,55887,2694,165,4,0
6712,2024-06-14,33055,36068,3013,165,4,0
6713,2024-06-14,29701,32391,2690,165,4,0
6714,2024-06-14,50409,52879,2470,165,4,0
6715,2024-06-14,37687,39903,2216,165,4,0
6716,2024-06-14,31980,34373,2393,165,4,0
6717,2024-06-14,44094,46385,2291,165,4,0
6718,2024-06-14,60884,63369,2485,165,4,0
6719,2024-06-14,54113,56713,2600,165,4,0
6720,2024-06-14,47499,50400,2901,165,4,0
6721,2024-06-14,28542,31844,3302,165,4,0
6722,2024-06-14,59564,62348,2784,165,4,0
6723,2024-06-14,46791,49629,2838,165,4,0
6724,2024-06-14,27822,30851,3029,165,4,0
6725,2024-06-14,33783,36504,2721,165,4,0
6726,2024-06-14,25981,28513,2532,165,4,0
6727,2024-06-14,45307,48081,2774,165,4,0
6728,2024-06-14,44991,47564,2573,165,4,0
6729,2024-06-14,38687,41270,2583,165,4,0
6730,2024-06-14,25744,27971,2227,165,4,0
6731,2024-06-14,51646,54091,2445,165,4,0
6732,2024-06-14,32336,34681,2345,165,4,0
6733,2024-06-14,57398,59994,2596,165,4,0
6734,2024-06-14,56916,59372,2456,165,4,0
6735,2024-06-14,44489,46854,2365,165,4,0
6736,2024-06-14,41093,43776,2683,165,4,0
6737,2024-06-14,34864,37685,2821,165,4,0
6738,2024-06-14,28495,31126,2631,165,4,0
6739,2024-06-14,53691,56213,2522,165,4,0
6740,2024-06-14,31279,34029,2750,165,4,0
6741,2024-06-14,49891,52382,2491,165,4,0
6742,2024-06-14,55652,58330,2678,165,4,0
6743,2024-06-14,49294,51802,2508,165,4,0
6744,2024-06-14,43596,46037,2441,165,4,0
6745,2024-06-14,37395,39714,2319,165,4,0
6746,2024-06-14,26577,29177,2600,165,4,0
6747,2024-06-14,32699,35803,3104,165,4,0
6748,2024-06-14,34261,37038,2777,165,4,0
6749,2024-06-14,35744,38128,2384,165,4,0
6750,2024-06-14,38103,40309,2206,165,4,0
6751,2024-06-14,36592,39202,2610,165,4,0
6752,2024-06-14,39287,41781,2494,165,4,0
6753,2024-06-14,40487,43336,2849,165,4,0
6754,2024-06-14,41687,44221,2534,165,4,0
6755,2024-06-14,42294,44952,2658,165,4,0
6756,2024-06-14,46487,49214,2727,165,4,0
6757,2024-06-14,48103,50642,2539,165,4,0
6758,2024-06-14,48687,51241,2554,165,4,0
6759,2024-06-14,55120,57820,2700,165,4,0
6760,2024-06-14,56323,58699,2376,165,4,0
6761,2024-06-14,58714,61527,2813,165,4,0
6762,2024-06-14,60402,62924,2522,165,4,0
6763,2024-06-14,61847,64817,2970,165,4,0
6764,2024-06-15,44993,47587,2594,166,5,0
6765,2024-06-15,28600,30930,2330,166,5,0
6766,2024-06-15,65190,67910,2720,166,5,0
6767,2024-06-15,61797,64508,2711,166,5,0
6768,2024-06-15,43903,46373,2470,166,5,0
6769,2024-06-15,31262,33519,2257,166,5,0
6770,2024-06-15,65894,68295,2401,166,5,0
6771,2024-06-15,30682,33167,2485,166,5,0
6772,2024-06-15,61287,63850,2563,166,5,0
6773,2024-06-15,52291,54574,2283,166,5,0
6774,2024-06-15,42690,45543,2853,166,5,0
6775,2024-06-15,26694,28967,2273,166,5,0
6776,2024-06-15,64593,67133,2540,166,5,0
6777,2024-06-15,64098,66518,2420,166,5,0
6778,2024-06-15,41688,44119,2431,166,5,0
6779,2024-06-15,58991,61273,2282,166,5,0
6780,2024-06-15,50492,52811,2319,166,5,0
6781,2024-06-15,40490,43439,2949,166,5,0
6782,2024-06-15,63496,66153,2657,166,5,0
6783,2024-06-15,57295,59981,2686,166,5,0
6784,2024-06-15,57795,60449,2654,166,5,0
6785,2024-06-15,30234,32497,2263,166,5,0
6786,2024-06-15,58388,60795,2407,166,5,0
6787,2024-06-15,48390,50770,2380,166,5,0
6788,2024-06-15,37647,40984,3337,166,5,0
6789,2024-06-15,49691,52324,2633,166,5,0
6790,2024-06-15,34675,37026,2351,166,5,0
6791,2024-06-15,47701,50239,2538,166,5,0
6792,2024-06-15,47085,49878,2793,166,5,0
6793,2024-06-15,32169,34456,2287,166,5,0
6794,2024-06-15,27843,30304,2461,166,5,0
6795,2024-06-15,53293,55565,2272,166,5,0
6796,2024-06-15,54402,57326,2924,166,5,0
6797,2024-06-15,52791,55206,2415,166,5,0
6798,2024-06-15,46505,49054,2549,166,5,0
6799,2024-06-15,45589,48340,2751,166,5,0
6800,2024-06-15,29668,32042,2374,166,5,0
6801,2024-06-15,38892,41688,2796,166,5,0
6802,2024-06-15,25334,27651,2317,166,5,0
6803,2024-06-15,31713,34182,2469,166,5,0
6804,2024-06-15,32635,35345,2710,166,5,0
6805,2024-06-15,33543,36246,2703,166,5,0
6806,2024-06-15,38326,41318,2992,166,5,0
6807,2024-06-15,39688,42662,2974,166,5,0
6808,2024-06-15,42188,44884,2696,166,5,0
6809,2024-06-15,44392,46812,2420,166,5,0
6810,2024-06-15,51083,53448,2365,166,5,0
6811,2024-06-15,56406,58898,2492,166,5,0
6812,2024-06-15,56797,59649,2852,166,5,0
6813,2024-06-15,60697,63391,2694,166,5,0
6814,2024-06-15,62594,65222,2628,166,5,0
6815,2024-06-16,25923,27694,1771,167,6,0
6816,2024-06-16,26496,28562,2066,167,6,0
6817,2024-06-16,32432,34583,2151,167,6,0
6818,2024-06-16,27192,29456,2264,167,6,0
6819,2024-06-16,33802,36439,2637,167,6,0
6820,2024-06-16,28218,30678,2460,167,6,0
6821,2024-06-16,30716,33154,2438,167,6,0
6822,2024-06-16,31525,33817,2292,167,6,0
6823,2024-06-16,31855,34184,2329,167,6,0
6824,2024-06-16,45430,47781,2351,167,6,0
6825,2024-06-16,38924,41334,2410,167,6,0
6826,2024-06-16,40300,43058,2758,167,6,0
6827,2024-06-16,40867,43547,2680,167,6,0
6828,2024-06-16,41435,44256,2821,167,6,0
6829,2024-06-16,42124,44845,2721,167,6,0
6830,2024-06-16,42806,45650,2844,167,6,0
6831,2024-06-16,43944,46297,2353,167,6,0
6832,2024-06-16,46112,48604,2492,167,6,0
6833,2024-06-16,46905,49076,2171,167,6,0
6834,2024-06-16,53974,56700,2726,167,6,0
6835,2024-06-16,47602,49963,2361,167,6,0
6836,2024-06-16,48166,50861,2695,167,6,0
6837,2024-06-16,49661,52090,2429,167,6,0
6838,2024-06-16,57862,60705,2843,167,6,0
6839,2024-06-16,62404,64763,2359,167,6,0
6840,2024-06-16,55009,57764,2755,167,6,0
6841,2024-06-16,63092,65633,2541,167,6,0
6842,2024-06-16,56588,59207,2619,167,6,0
6843,2024-06-16,63549,66069,2520,167,6,0
6844,2024-06-16,64240,66740,2500,167,6,0
6845,2024-06-16,58654,61443,2789,167,6,0
6846,2024-06-16,59448,62316,2868,167,6,0
6847,2024-06-16,60022,62910,2888,167,6,0
6848,2024-06-16,25275,27341,2066,167,6,0
6849,2024-06-16,27645,30043,2398,167,6,0
6850,2024-06-16,29004,31688,2684,167,6,0
6851,2024-06-16,30155,32609,2454,167,6,0
6852,2024-06-16,35286,37809,2523,167,6,0
6853,2024-06-16,35955,38443,2488,167,6,0
6854,2024-06-16,37216,40017,2801,167,6,0
6855,2024-06-16,39612,42095,2483,167,6,0
6856,2024-06-16,44638,47151,2513,167,6,0
6857,2024-06-16,48957,51488,2531,167,6,0
6858,2024-06-16,51923,55157,3234,167,6,0
6859,2024-06-16,54321,57365,3044,167,6,0
6860,2024-06-16,57394,59830,2436,167,6,0
6861,2024-06-16,60258,64173,3915,167,6,0
6862,2024-06-16,64693,67252,2559,167,6,0
6863,2024-06-17,65201,67955,2754,168,0,0
6864,2024-06-17,61241,63908,2667,168,0,0
6865,2024-06-17,58846,61569,2723,168,0,0
6866,2024-06-17,54517,57350,2833,168,0,0
6867,2024-06-17,51782,54183,2401,168,0,0
6868,2024-06-17,59687,62560,2873,168,0,0
6869,2024-06-17,62193,64846,2653,168,0,0
6870,2024-06-17,26829,29468,2639,168,0,0
6871,2024-06-17,56080,58311,2231,168,0,0
6872,2024-06-17,38287,40634,2347,168,0,0
6873,2024-06-17,31502,34161,2659,168,0,0
6874,2024-06-17,60754,63593,2839,168,0,0
6875,2024-06-17,54081,56502,2421,168,0,0
6876,2024-06-17,48600,51173,2573,168,0,0
6877,2024-06-17,41893,44460,2567,168,0,0
6878,2024-06-17,40487,43024,2537,168,0,0
6879,2024-06-17,47089,49602,2513,168,0,0
6880,2024-06-17,27898,30409,2511,168,0,0
6881,2024-06-17,65802,68255,2453,168,0,0
6882,2024-06-17,40185,42762,2577,168,0,0
6883,2024-06-17,46190,48501,2311,168,0,0
6884,2024-06-17,45185,47560,2375,168,0,0
6885,2024-06-17,38606,41016,2410,168,0,0
6886,2024-06-17,25874,28437,2563,168,0,0
6887,2024-06-17,51186,53874,2688,168,0,0
6888,2024-06-17,64594,67273,2679,168,0,0
6889,2024-06-17,57138,59638,2500,168,0,0
6890,2024-06-17,34495,36471,1976,168,0,0
6891,2024-06-17,28147,31055,2908,168,0,0
6892,2024-06-17,30910,33415,2505,168,0,0
6893,2024-06-17,55484,57824,2340,168,0,0
6894,2024-06-17,61833,64279,2446,168,0,0
6895,2024-06-17,49188,51870,2682,168,0,0
6896,2024-06-17,43393,46013,2620,168,0,0
6897,2024-06-17,63243,66678,3435,168,0,0
6898,2024-06-17,25379,27646,2267,168,0,0
6899,2024-06-17,25988,29375,3387,168,0,0
6900,2024-06-17,27178,29765,2587,168,0,0
6901,2024-06-17,28384,31265,2881,168,0,0
6902,2024-06-17,29217,31897,2680,168,0,0
6903,2024-06-17,30536,32929,2393,168,0,0
6904,2024-06-17,32461,34791,2330,168,0,0
6905,2024-06-17,32823,35562,2739,168,0,0
6906,2024-06-17,34726,36938,2212,168,0,0
6907,2024-06-17,36282,38687,2405,168,0,0
6908,2024-06-17,36681,39182,2501,168,0,0
6909,2024-06-17,39382,41895,2513,168,0,0
6910,2024-06-17,42605,44975,2370,168,0,0
6911,2024-06-17,43089,45455,2366,168,0,0
6912,2024-06-17,44792,47377,2585,168,0,0
6913,2024-06-17,45785,48315,2530,168,0,0
6914,2024-06-17,48388,51061,2673,168,0,0
6915,2024-06-17,50387,53220,2833,168,0,0
6916,2024-06-17,50989,53563,2574,168,0,0
6917,2024-06-17,52079,54702,2623,168,0,0
6918,2024-06-17,53292,56080,2788,168,0,0
6919,2024-06-17,56559,58849,2290,168,0,0
6920,2024-06-17,60636,63150,2514,168,0,0
6921,2024-06-17,58116,61012,2896,168,0,0
6922,2024-06-18,58238,60563,2325,169,1,0
6923,2024-06-18,49003,51654,2651,169,1,0
6924,2024-06-18,43296,45920,2624,169,1,0
6925,2024-06-18,46594,49289,2695,169,1,0
6926,2024-06-18,59553,62413,2860,169,1,0
6927,2024-06-18,53082,55735,2653,169,1,0
6928,2024-06-18,33537,36447,2910,169,1,0
6929,2024-06-18,32728,35804,3076,169,1,0
6930,2024-06-18,29707,32351,2644,169,1,0
6931,2024-06-18,50198,52946,2748,169,1,0
6932,2024-06-18,62555,65202,2647,169,1,0
6933,2024-06-18,55597,58209,2612,169,1,0
6934,2024-06-18,27058,29530,2472,169,1,0
6935,2024-06-18,27135,29944,2809,169,1,0
6936,2024-06-18,50683,53273,2590,169,1,0
6937,2024-06-18,63043,65736,2693,169,1,0
6938,2024-06-18,31496,34486,2990,169,1,0
6939,2024-06-18,44187,46507,2320,169,1,0
6940,2024-06-18,60525,63431,2906,169,1,0
6941,2024-06-18,53989,56351,2362,169,1,0
6942,2024-06-18,42690,45526,2836,169,1,0
6943,2024-06-18,29212,31754,2542,169,1,0
6944,2024-06-18,48202,50644,2442,169,1,0
6945,2024-06-18,41985,44606,2621,169,1,0
6946,2024-06-18,35332,37942,2610,169,1,0
6947,2024-06-18,59086,62079,2993,169,1,0
6948,2024-06-18,30056,32625,2569,169,1,0
6949,2024-06-18,52187,55014,2827,169,1,0
6950,2024-06-18,39996,42548,2552,169,1,0
6951,2024-06-18,32698,35078,2380,169,1,0
6952,2024-06-18,45784,48295,2511,169,1,0
6953,2024-06-18,38882,41354,2472,169,1,0
6954,2024-06-18,25999,28750,2751,169,1,0
6955,2024-06-18,25496,28042,2546,169,1,0
6956,2024-06-18,56457,59169,2712,169,1,0
6957,2024-06-18,64124,67197,3073,169,1,0
6958,2024-06-18,51202,53771,2569,169,1,0
6959,2024-06-18,38491,40948,2457,169,1,0
6960,2024-06-18,47585,50277,2692,169,1,0
6961,2024-06-18,35103,37759,2656,169,1,0
6962,2024-06-18,60149,63033,2884,169,1,0
6963,2024-06-18,53587,55972,2385,169,1,0
6964,2024-06-18,62087,64871,2784,169,1,0
6965,2024-06-18,49794,52490,2696,169,1,0
6966,2024-06-18,55362,57748,2386,169,1,0
6967,2024-06-18,37090,39681,2591,169,1,0
6968,2024-06-18,55123,57424,2301,169,1,0
6969,2024-06-18,43791,46157,2366,169,1,0
6970,2024-06-18,37492,39949,2457,169,1,0
6971,2024-06-18,41184,43879,2695,169,1,0
6972,2024-06-18,63528,66351,2823,169,1,0
6973,2024-06-18,26440,29280,2840,169,1,0
6974,2024-06-18,27659,30234,2575,169,1,0
6975,2024-06-18,28854,31145,2291,169,1,0
6976,2024-06-18,30535,33054,2519,169,1,0
6977,2024-06-18,31027,33552,2525,169,1,0
6978,2024-06-18,33775,37232,3457,169,1,0
6979,2024-06-18,40597,43340,2743,169,1,0
6980,2024-06-18,44791,47210,2419,169,1,0
6981,2024-06-18,45210,47692,2482,169,1,0
6982,2024-06-18,46106,48854,2748,169,1,0
6983,2024-06-18,47083,49873,2790,169,1,0
6984,2024-06-18,48587,50941,2354,169,1,0
6985,2024-06-18,49490,52056,2566,169,1,0
6986,2024-06-18,54238,57026,2788,169,1,0
6987,2024-06-18,57040,59941,2901,169,1,0
6988,2024-06-18,61735,64438,2703,169,1,0
6989,2024-06-18,64971,67777,2806,169,1,0
6990,2024-06-19,64848,67504,2656,170,2,1
6991,2024-06-19,61239,63837,2598,170,2,1
6992,2024-06-19,58359,60480,2121,170,2,1
6993,2024-06-19,42793,45766,2973,170,2,1
6994,2024-06-19,48089,50458,2369,170,2,1
6995,2024-06-19,39690,42533,2843,170,2,1
6996,2024-06-19,59320,61886,2566,170,2,1
6997,2024-06-19,33312,35799,2487,170,2,1
6998,2024-06-19,29694,32185,2491,170,2,1
6999,2024-06-19,50382,53020,2638,170,2,1
7000,2024-06-19,62680,65112,2432,170,2,1
7001,2024-06-19,56079,58509,2430,170,2,1
7002,2024-06-19,56438,59179,2741,170,2,1
7003,2024-06-19,54516,56791,2275,170,2,1
7004,2024-06-19,60765,63458,2693,170,2,1
7005,2024-06-19,35937,38218,2281,170,2,1
7006,2024-06-19,29211,31572,2361,170,2,1
7007,2024-06-19,28855,31182,2327,170,2,1
7008,2024-06-19,41886,44928,3042,170,2,1
7009,2024-06-19,65918,68250,2332,170,2,1
7010,2024-06-19,53488,56062,2574,170,2,1
7011,2024-06-19,47583,49953,2370,170,2,1
7012,2024-06-19,27658,30002,2344,170,2,1
7013,2024-06-19,28138,30578,2440,170,2,1
7014,2024-06-19,40188,42798,2610,170,2,1
7015,2024-06-19,34141,36622,2481,170,2,1
7016,2024-06-19,57754,60394,2640,170,2,1
7017,2024-06-19,64354,66954,2600,170,2,1
7018,2024-06-19,39291,41918,2627,170,2,1
7019,2024-06-19,45898,48690,2792,170,2,1
7020,2024-06-19,45295,47950,2655,170,2,1
7021,2024-06-19,25866,28557,2691,170,2,1
7022,2024-06-19,51989,54477,2488,170,2,1
7023,2024-06-19,56924,59534,2610,170,2,1
7024,2024-06-19,63755,66369,2614,170,2,1
7025,2024-06-19,51483,53782,2299,170,2,1
7026,2024-06-19,32099,34656,2557,170,2,1
7027,2024-06-19,38681,41200,2519,170,2,1
7028,2024-06-19,34973,37404,2431,170,2,1
7029,2024-06-19,28512,30950,2438,170,2,1
7030,2024-06-19,59553,62356,2803,170,2,1
7031,2024-06-19,43885,46535,2650,170,2,1
7032,2024-06-19,61726,64167,2441,170,2,1
7033,2024-06-19,49805,52581,2776,170,2,1
7034,2024-06-19,54638,57109,2471,170,2,1
7035,2024-06-19,37681,40264,2583,170,2,1
7036,2024-06-19,40988,44027,3039,170,2,1
7037,2024-06-19,25493,28095,2602,170,2,1
7038,2024-06-19,31136,33796,2660,170,2,1
7039,2024-06-19,26698,29440,2742,170,2,1
7040,2024-06-19,32817,35631,2814,170,2,1
7041,2024-06-19,33426,36137,2711,170,2,1
7042,2024-06-19,36689,39352,2663,170,2,1
7043,2024-06-19,36285,38593,2308,170,2,1
7044,2024-06-19,38293,40896,2603,170,2,1
7045,2024-06-19,38988,41754,2766,170,2,1
7046,2024-06-19,41488,44515,3027,170,2,1
7047,2024-06-19,43381,46011,2630,170,2,1
7048,2024-06-19,44292,46976,2684,170,2,1
7049,2024-06-19,46603,49089,2486,170,2,1
7050,2024-06-19,47192,49764,2572,170,2,1
7051,2024-06-19,50996,53430,2434,170,2,1
7052,2024-06-19,52982,55618,2636,170,2,1
7053,2024-06-19,62187,64653,2466,170,2,1
7054,2024-06-19,55126,57477,2351,170,2,1
7055,2024-06-19,55596,57952,2356,170,2,1
7056,2024-06-19,58594,61369,2775,170,2,1
7057,2024-06-19,60399,63151,2752,170,2,1
7058,2024-06-20,65077,67696,2619,171,3,0
7059,2024-06-20,60999,63654,2655,171,3,0
7060,2024-06-20,58237,60943,2706,171,3,0
7061,2024-06-20,46583,49051,2468,171,3,0
7062,2024-06-20,39389,42208,2819,171,3,0
7063,2024-06-20,59196,61924,2728,171,3,0
7064,2024-06-20,53582,56029,2447,171,3,0
7065,2024-06-20,33659,36058,2399,171,3,0
7066,2024-06-20,62199,65156,2957,171,3,0
7067,2024-06-20,56073,58855,2782,171,3,0
7068,2024-06-20,26764,29275,2511,171,3,0
7069,2024-06-20,56554,59260,2706,171,3,0
7070,2024-06-20,50686,53111,2425,171,3,0
7071,2024-06-20,44190,46547,2357,171,3,0
7072,2024-06-20,54651,57237,2586,171,3,0
7073,2024-06-20,36062,38355,2293,171,3,0
7074,2024-06-20,30307,32586,2279,171,3,0
7075,2024-06-20,48298,50910,2612,171,3,0
7076,2024-06-20,41486,44029,2543,171,3,0
7077,2024-06-20,35461,38016,2555,171,3,0
7078,2024-06-20,52992,55591,2599,171,3,0
7079,2024-06-20,58843,61478,2635,171,3,0
7080,2024-06-20,34271,37195,2924,171,3,0
7081,2024-06-20,27164,29548,2384,171,3,0
7082,2024-06-20,27538,30049,2511,171,3,0
7083,2024-06-20,65196,67835,2639,171,3,0
7084,2024-06-20,52576,54817,2241,171,3,0
7085,2024-06-20,39787,42806,3019,171,3,0
7086,2024-06-20,39192,41811,2619,171,3,0
7087,2024-06-20,32826,35565,2739,171,3,0
7088,2024-06-20,45903,48377,2474,171,3,0
7089,2024-06-20,45188,47661,2473,171,3,0
7090,2024-06-20,38689,41444,2755,171,3,0
7091,2024-06-20,57771,60462,2691,171,3,0
7092,2024-06-20,57156,59654,2498,171,3,0
7093,2024-06-20,44798,47215,2417,171,3,0
7094,2024-06-20,63876,66984,3108,171,3,0
7095,2024-06-20,31995,34537,2542,171,3,0
7096,2024-06-20,47692,50176,2484,171,3,0
7097,2024-06-20,28387,31353,2966,171,3,0
7098,2024-06-20,47085,49724,2639,171,3,0
7099,2024-06-20,50101,52863,2762,171,3,0
7100,2024-06-20,55478,57968,2490,171,3,0
7101,2024-06-20,30540,33405,2865,171,3,0
7102,2024-06-20,36687,39208,2521,171,3,0
7103,2024-06-20,49501,52464,2963,171,3,0
7104,2024-06-20,43282,45822,2540,171,3,0
7105,2024-06-20,37498,40139,2641,171,3,0
7106,2024-06-20,28865,32033,3168,171,3,0
7107,2024-06-20,28018,30973,2955,171,3,0
7108,2024-06-20,31017,33903,2886,171,3,0
7109,2024-06-20,33309,35863,2554,171,3,0
7110,2024-06-20,34257,37034,2777,171,3,0
7111,2024-06-20,37089,39514,2425,171,3,0
7112,2024-06-20,41883,44289,2406,171,3,0
7113,2024-06-20,42597,45562,2965,171,3,0
7114,2024-06-20,43782,46279,2497,171,3,0
7115,2024-06-20,54236,57097,2861,171,3,0
7116,2024-06-20,48986,51673,2687,171,3,0
7117,2024-06-20,51293,54260,2967,171,3,0
7118,2024-06-20,55713,58245,2532,171,3,0
7119,2024-06-20,59555,62373,2818,171,3,0
7120,2024-06-20,60635,63369,2734,171,3,0
7121,2024-06-20,61362,64769,3407,171,3,0
7122,2024-06-20,61849,64996,3147,171,3,0
7123,2024-06-20,63161,66321,3160,171,3,0
7124,2024-06-20,66511,67603,1092,171,3,0
7125,2024-06-21,64831,67517,2686,172,4,0
7126,2024-06-21,52502,55316,2814,172,4,0
7127,2024-06-21,59678,61919,2241,172,4,0
7128,2024-06-21,36390,39280,2890,172,4,0
7129,2024-06-21,27177,29473,2296,172,4,0
7130,2024-06-21,25261,27739,2478,172,4,0
7131,2024-06-21,63165,65977,2812,172,4,0
7132,2024-06-21,60773,64069,3296,172,4,0
7133,2024-06-21,29332,31688,2356,172,4,0
7134,2024-06-21,28854,31210,2356,172,4,0
7135,2024-06-21,41685,44478,2793,172,4,0
7136,2024-06-21,35919,38724,2805,172,4,0
7137,2024-06-21,58969,61657,2688,172,4,0
7138,2024-06-21,40505,43571,3066,172,4,0
7139,2024-06-21,34639,37135,2496,172,4,0
7140,2024-06-21,27536,30169,2633,172,4,0
7141,2024-06-21,28023,30655,2632,172,4,0
7142,2024-06-21,65321,67982,2661,172,4,0
7143,2024-06-21,57757,60682,2925,172,4,0
7144,2024-06-21,64478,67084,2606,172,4,0
7145,2024-06-21,64129,66782,2653,172,4,0
7146,2024-06-21,25863,28312,2449,172,4,0
7147,2024-06-21,56932,59731,2799,172,4,0
7148,2024-06-21,45086,48261,3175,172,4,0
7149,2024-06-21,63645,66352,2707,172,4,0
7150,2024-06-21,32577,35166,2589,172,4,0
7151,2024-06-21,28379,30984,2605,172,4,0
7152,2024-06-21,61596,64767,3171,172,4,0
7153,2024-06-21,54009,56960,2951,172,4,0
7154,2024-06-21,30303,32995,2692,172,4,0
7155,2024-06-21,43485,46770,3285,172,4,0
7156,2024-06-21,29819,32271,2452,172,4,0
7157,2024-06-21,26692,29174,2482,172,4,0
7158,2024-06-21,32244,34352,2108,172,4,0
7159,2024-06-21,33654,35972,2318,172,4,0
7160,2024-06-21,33901,36723,2822,172,4,0
7161,2024-06-21,36174,39189,3015,172,4,0
7162,2024-06-21,34143,36809,2666,172,4,0
7163,2024-06-21,34975,37686,2711,172,4,0
7164,2024-06-21,37587,40595,3008,172,4,0
7165,2024-06-21,39487,42672,3185,172,4,0
7166,2024-06-21,41185,44016,2831,172,4,0
7167,2024-06-21,42901,45917,3016,172,4,0
7168,2024-06-21,45991,49127,3136,172,4,0
7169,2024-06-21,48601,51389,2788,172,4,0
7170,2024-06-21,49577,52503,2926,172,4,0
7171,2024-06-21,51294,54271,2977,172,4,0
7172,2024-06-21,56442,59075,2633,172,4,0
7173,2024-06-21,57293,60254,2961,172,4,0
7174,2024-06-21,60154,62777,2623,172,4,0
7175,2024-06-21,65674,68399,2725,172,4,0
7176,2024-06-22,62384,65039,2655,173,5,0
7177,2024-06-22,31759,34303,2544,173,5,0
7178,2024-06-22,65201,68255,3054,173,5,0
7179,2024-06-22,52291,54704,2413,173,5,0
7180,2024-06-22,42654,45283,2629,173,5,0
7181,2024-06-22,64184,66794,2610,173,5,0
7182,2024-06-22,63605,66318,2713,173,5,0
7183,2024-06-22,59888,62541,2653,173,5,0
7184,2024-06-22,60595,63305,2710,173,5,0
7185,2024-06-22,41589,44024,2435,173,5,0
7186,2024-06-22,27889,30168,2279,173,5,0
7187,2024-06-22,51309,54058,2749,173,5,0
7188,2024-06-22,59293,61798,2505,173,5,0
7189,2024-06-22,50494,53644,3150,173,5,0
7190,2024-06-22,62994,65422,2428,173,5,0
7191,2024-06-22,39794,42584,2790,173,5,0
7192,2024-06-22,30741,33683,2942,173,5,0
7193,2024-06-22,58593,61184,2591,173,5,0
7194,2024-06-22,26272,28455,2183,173,5,0
7195,2024-06-22,36552,38908,2356,173,5,0
7196,2024-06-22,37237,39960,2723,173,5,0
7197,2024-06-22,48400,51130,2730,173,5,0
7198,2024-06-22,38845,41772,2927,173,5,0
7199,2024-06-22,56192,59026,2834,173,5,0
7200,2024-06-22,49590,52029,2439,173,5,0
7201,2024-06-22,35865,38540,2675,173,5,0
7202,2024-06-22,47889,50573,2684,173,5,0
7203,2024-06-22,50189,52789,2600,173,5,0
7204,2024-06-22,33017,35546,2529,173,5,0
7205,2024-06-22,55000,57579,2579,173,5,0
7206,2024-06-22,35296,37934,2638,173,5,0
7207,2024-06-22,28568,30839,2271,173,5,0
7208,2024-06-22,53392,56069,2677,173,5,0
7209,2024-06-22,53884,56499,2615,173,5,0
7210,2024-06-22,52788,55706,2918,173,5,0
7211,2024-06-22,46894,49631,2737,173,5,0
7212,2024-06-22,29367,31481,2114,173,5,0
7213,2024-06-22,29937,32517,2580,173,5,0
7214,2024-06-22,39400,42218,2818,173,5,0
7215,2024-06-22,25569,27792,2223,173,5,0
7216,2024-06-22,26982,29286,2304,173,5,0
7217,2024-06-22,33480,36023,2543,173,5,0
7218,2024-06-22,34153,36608,2455,173,5,0
7219,2024-06-22,38267,41661,3394,173,5,0
7220,2024-06-22,40484,43302,2818,173,5,0
7221,2024-06-22,42088,44620,2532,173,5,0
7222,2024-06-22,47389,49904,2515,173,5,0
7223,2024-06-22,48986,51655,2669,173,5,0
7224,2024-06-22,55585,58297,2712,173,5,0
7225,2024-06-22,57186,60194,3008,173,5,0
7226,2024-06-22,58086,60587,2501,173,5,0
7227,2024-06-22,61281,64160,2879,173,5,0
7228,2024-06-23,33513,36041,2528,174,6,0
7229,2024-06-23,31352,34153,2801,174,6,0
7230,2024-06-23,36280,38785,2505,174,6,0
7231,2024-06-23,36988,39455,2467,174,6,0
7232,2024-06-23,38490,41310,2820,174,6,0
7233,2024-06-23,39193,41785,2592,174,6,0
7234,2024-06-23,39797,42401,2604,174,6,0
7235,2024-06-23,42783,45254,2471,174,6,0
7236,2024-06-23,43487,45883,2396,174,6,0
7237,2024-06-23,44796,48644,3848,174,6,0
7238,2024-06-23,46204,49086,2882,174,6,0
7239,2024-06-23,46691,49432,2741,174,6,0
7240,2024-06-23,50494,53020,2526,174,6,0
7241,2024-06-23,51197,54649,3452,174,6,0
7242,2024-06-23,54292,57155,2863,174,6,0
7243,2024-06-23,60998,64139,3141,174,6,0
7244,2024-06-23,62806,65722,2916,174,6,0
7245,2024-06-23,63488,65947,2459,174,6,0
7246,2024-06-23,64092,66664,2572,174,6,0
7247,2024-06-23,25887,28332,2445,174,6,0
7248,2024-06-23,27697,30593,2896,174,6,0
7249,2024-06-23,29177,31613,2436,174,6,0
7250,2024-06-23,30658,33329,2671,174,6,0
7251,2024-06-23,32719,35279,2560,174,6,0
7252,2024-06-23,41997,44708,2711,174,6,0
7253,2024-06-23,44194,47043,2849,174,6,0
7254,2024-06-23,48387,51056,2669,174,6,0
7255,2024-06-23,48698,52401,3703,174,6,0
7256,2024-06-23,52391,55180,2789,174,6,0
7257,2024-06-23,53101,55780,2679,174,6,0
7258,2024-06-23,55494,58644,3150,174,6,0
7259,2024-06-23,56485,59064,2579,174,6,0
7260,2024-06-23,58992,61935,2943,174,6,0
7261,2024-06-24,60999,63862,2863,175,0,0
7262,2024-06-24,57873,60606,2733,175,0,0
7263,2024-06-24,51785,54212,2427,175,0,0
7264,2024-06-24,46083,48590,2507,175,0,0
7265,2024-06-24,59438,62226,2788,175,0,0
7266,2024-06-24,36690,38824,2134,175,0,0
7267,2024-06-24,33412,36077,2665,175,0,0
7268,2024-06-24,49888,52310,2422,175,0,0
7269,2024-06-24,56316,58743,2427,175,0,0
7270,2024-06-24,38482,40878,2396,175,0,0
7271,2024-06-24,31038,33435,2397,175,0,0
7272,2024-06-24,44185,46596,2411,175,0,0
7273,2024-06-24,48989,51741,2752,175,0,0
7274,2024-06-24,35820,38137,2317,175,0,0
7275,2024-06-24,29340,31914,2574,175,0,0
7276,2024-06-24,48101,50582,2481,175,0,0
7277,2024-06-24,60521,63231,2710,175,0,0
7278,2024-06-24,41888,44557,2669,175,0,0
7279,2024-06-24,35466,37814,2348,175,0,0
7280,2024-06-24,65807,68120,2313,175,0,0
7281,2024-06-24,52688,55321,2633,175,0,0
7282,2024-06-24,47201,49892,2691,175,0,0
7283,2024-06-24,34274,36927,2653,175,0,0
7284,2024-06-24,27781,30294,2513,175,0,0
7285,2024-06-24,58720,61496,2776,175,0,0
7286,2024-06-24,52085,54803,2718,175,0,0
7287,2024-06-24,34018,36466,2448,175,0,0
7288,2024-06-24,25981,28452,2471,175,0,0
7289,2024-06-24,57299,60200,2901,175,0,0
7290,2024-06-24,64617,67709,3092,175,0,0
7291,2024-06-24,39388,41723,2335,175,0,0
7292,2024-06-24,33070,35613,2543,175,0,0
7293,2024-06-24,45288,47843,2555,175,0,0
7294,2024-06-24,38902,41310,2408,175,0,0
7295,2024-06-24,32427,34922,2495,175,0,0
7296,2024-06-24,57167,59966,2799,175,0,0
7297,2024-06-24,56561,59437,2876,175,0,0
7298,2024-06-24,63643,66584,2941,175,0,0
7299,2024-06-24,51183,53584,2401,175,0,0
7300,2024-06-24,31620,33892,2272,175,0,0
7301,2024-06-24,47595,50199,2604,175,0,0
7302,2024-06-24,41482,43897,2415,175,0,0
7303,2024-06-24,28021,30716,2695,175,0,0
7304,2024-06-24,43796,46030,2234,175,0,0
7305,2024-06-24,62197,65051,2854,175,0,0
7306,2024-06-24,30654,33145,2491,175,0,0
7307,2024-06-24,55230,57748,2518,175,0,0
7308,2024-06-24,37184,39398,2214,175,0,0
7309,2024-06-24,61609,64869,3260,175,0,0
7310,2024-06-24,49501,51906,2405,175,0,0
7311,2024-06-24,30301,32819,2518,175,0,0
7312,2024-06-24,41092,43730,2638,175,0,0
7313,2024-06-24,63291,66258,2967,175,0,0
7314,2024-06-24,26700,29242,2542,175,0,0
7315,2024-06-24,28500,31081,2581,175,0,0
7316,2024-06-24,29816,32275,2459,175,0,0
7317,2024-06-24,32220,34760,2540,175,0,0
7318,2024-06-24,35007,37445,2438,175,0,0
7319,2024-06-24,38186,40513,2327,175,0,0
7320,2024-06-24,40293,43323,3030,175,0,0
7321,2024-06-24,40194,42918,2724,175,0,0
7322,2024-06-24,40570,43383,2813,175,0,0
7323,2024-06-24,42492,45320,2828,175,0,0
7324,2024-06-24,43289,45777,2488,175,0,0
7325,2024-06-24,46604,49379,2775,175,0,0
7326,2024-06-24,48594,51117,2523,175,0,0
7327,2024-06-24,50197,53248,3051,175,0,0
7328,2024-06-24,53290,56474,3184,175,0,0
7329,2024-06-24,53782,56536,2754,175,0,0
7330,2024-06-24,54759,57315,2556,175,0,0
7331,2024-06-24,55603,58200,2597,175,0,0
7332,2024-06-24,58117,60927,2810,175,0,0
7333,2024-06-24,59919,62742,2823,175,0,0
7334,2024-06-24,61241,64124,2883,175,0,0
7335,2024-06-25,61365,63966,2601,176,1,0
7336,2024-06-25,58239,60825,2586,176,1,0
7337,2024-06-25,54647,57229,2582,176,1,0
7338,2024-06-25,52084,54447,2363,176,1,0
7339,2024-06-25,59558,62196,2638,176,1,0
7340,2024-06-25,36286,38670,2384,176,1,0
7341,2024-06-25,50191,52588,2397,176,1,0
7342,2024-06-25,56548,59413,2865,176,1,0
7343,2024-06-25,26710,29084,2374,176,1,0
7344,2024-06-25,51590,54099,2509,176,1,0
7345,2024-06-25,62912,65522,2610,176,1,0
7346,2024-06-25,31612,34077,2465,176,1,0
7347,2024-06-25,60761,63411,2650,176,1,0
7348,2024-06-25,29341,32122,2781,176,1,0
7349,2024-06-25,48088,50405,2317,176,1,0
7350,2024-06-25,28661,31404,2743,176,1,0
7351,2024-06-25,37584,40155,2571,176,1,0
7352,2024-06-25,52795,55373,2578,176,1,0
7353,2024-06-25,59078,61989,2911,176,1,0
7354,2024-06-25,46780,49187,2407,176,1,0
7355,2024-06-25,27668,30240,2572,176,1,0
7356,2024-06-25,46298,48786,2488,176,1,0
7357,2024-06-25,65450,68040,2590,176,1,0
7358,2024-06-25,52388,55005,2617,176,1,0
7359,2024-06-25,40142,42844,2702,176,1,0
7360,2024-06-25,57921,60506,2585,176,1,0
7361,2024-06-25,64601,67382,2781,176,1,0
7362,2024-06-25,39232,41948,2716,176,1,0
7363,2024-06-25,45783,48597,2814,176,1,0
7364,2024-06-25,45381,47701,2320,176,1,0
7365,2024-06-25,26339,28727,2388,176,1,0
7366,2024-06-25,51189,54018,2829,176,1,0
7367,2024-06-25,64245,66677,2432,176,1,0
7368,2024-06-25,44888,47461,2573,176,1,0
7369,2024-06-25,31977,34425,2448,176,1,0
7370,2024-06-25,38547,40831,2284,176,1,0
7371,2024-06-25,42090,44700,2610,176,1,0
7372,2024-06-25,35456,38332,2876,176,1,0
7373,2024-06-25,59919,62552,2633,176,1,0
7374,2024-06-25,43780,46568,2788,176,1,0
7375,2024-06-25,62194,65209,3015,176,1,0
7376,2024-06-25,49095,51800,2705,176,1,0
7377,2024-06-25,43326,45581,2255,176,1,0
7378,2024-06-25,63639,66118,2479,176,1,0
7379,2024-06-25,25501,28123,2622,176,1,0
7380,2024-06-25,25873,28437,2564,176,1,0
7381,2024-06-25,27176,29464,2288,176,1,0
7382,2024-06-25,28018,30568,2550,176,1,0
7383,2024-06-25,31135,33492,2357,176,1,0
7384,2024-06-25,32822,35339,2517,176,1,0
7385,2024-06-25,37189,39874,2685,176,1,0
7386,2024-06-25,47689,49961,2272,176,1,0
7387,2024-06-25,48597,50814,2217,176,1,0
7388,2024-06-25,50601,53685,3084,176,1,0
7389,2024-06-25,53299,55634,2335,176,1,0
7390,2024-06-25,55141,57938,2797,176,1,0
7391,2024-06-25,57522,60007,2485,176,1,0
7392,2024-06-25,58722,61733,3011,176,1,0
7393,2024-06-26,65217,67707,2490,177,2,0
7394,2024-06-26,61250,63833,2583,177,2,0
7395,2024-06-26,54644,57147,2503,177,2,0
7396,2024-06-26,49096,51616,2520,177,2,0
7397,2024-06-26,46600,49305,2705,177,2,0
7398,2024-06-26,40095,42801,2706,177,2,0
7399,2024-06-26,59553,62108,2555,177,2,0
7400,2024-06-26,53278,56065,2787,177,2,0
7401,2024-06-26,33663,36064,2401,177,2,0
7402,2024-06-26,29695,32157,2462,177,2,0
7403,2024-06-26,49784,52442,2658,177,2,0
7404,2024-06-26,55594,58034,2440,177,2,0
7405,2024-06-26,26700,29249,2549,177,2,0
7406,2024-06-26,27177,29584,2407,177,2,0
7407,2024-06-26,38188,40601,2413,177,2,0
7408,2024-06-26,62672,65372,2700,177,2,0
7409,2024-06-26,60754,63352,2598,177,2,0
7410,2024-06-26,54245,56662,2417,177,2,0
7411,2024-06-26,42490,45163,2673,177,2,0
7412,2024-06-26,29217,31608,2391,177,2,0
7413,2024-06-26,65914,68054,2140,177,2,0
7414,2024-06-26,59077,61517,2440,177,2,0
7415,2024-06-26,41081,43282,2201,177,2,0
7416,2024-06-26,47282,49789,2507,177,2,0
7417,2024-06-26,35063,37585,2522,177,2,0
7418,2024-06-26,27909,30418,2509,177,2,0
7419,2024-06-26,58715,61098,2383,177,2,0
7420,2024-06-26,52085,54530,2445,177,2,0
7421,2024-06-26,32820,35477,2657,177,2,0
7422,2024-06-26,45289,47859,2570,177,2,0
7423,2024-06-26,39290,42027,2737,177,2,0
7424,2024-06-26,25619,28082,2463,177,2,0
7425,2024-06-26,31987,34910,2923,177,2,0
7426,2024-06-26,57281,59931,2650,177,2,0
7427,2024-06-26,56796,59608,2812,177,2,0
7428,2024-06-26,31738,34253,2515,177,2,0
7429,2024-06-26,28500,30892,2392,177,2,0
7430,2024-06-26,44182,46687,2505,177,2,0
7431,2024-06-26,62070,64890,2820,177,2,0
7432,2024-06-26,49388,52124,2736,177,2,0
7433,2024-06-26,36896,39458,2562,177,2,0
7434,2024-06-26,61614,64554,2940,177,2,0
7435,2024-06-26,43382,45735,2353,177,2,0
7436,2024-06-26,37482,39911,2429,177,2,0
7437,2024-06-26,63521,66066,2545,177,2,0
7438,2024-06-26,27540,29966,2426,177,2,0
7439,2024-06-26,28743,31188,2445,177,2,0
7440,2024-06-26,30549,33316,2767,177,2,0
7441,2024-06-26,33421,35919,2498,177,2,0
7442,2024-06-26,34762,36943,2181,177,2,0
7443,2024-06-26,39784,42442,2658,177,2,0
7444,2024-06-26,44888,47262,2374,177,2,0
7445,2024-06-26,45779,48589,2810,177,2,0
7446,2024-06-26,47579,50043,2464,177,2,0
7447,2024-06-26,48607,51105,2498,177,2,0
7448,2024-06-26,50185,53014,2829,177,2,0
7449,2024-06-26,50880,53351,2471,177,2,0
7450,2024-06-26,51205,53774,2569,177,2,0
7451,2024-06-26,55119,57390,2271,177,2,0
7452,2024-06-26,55963,58602,2639,177,2,0
7453,2024-06-26,56432,59100,2668,177,2,0
7454,2024-06-26,57755,60655,2900,177,2,0
7455,2024-06-26,63158,65785,2627,177,2,0
7456,2024-06-26,63999,66533,2534,177,2,0
7457,2024-06-27,61239,64166,2927,178,3,0
7458,2024-06-27,57763,60825,3062,178,3,0
7459,2024-06-27,49391,51911,2520,178,3,0
7460,2024-06-27,59801,62803,3002,178,3,0
7461,2024-06-27,52891,55694,2803,178,3,0
7462,2024-06-27,32941,35705,2764,178,3,0
7463,2024-06-27,50501,53102,2601,178,3,0
7464,2024-06-27,56080,58847,2767,178,3,0
7465,2024-06-27,56566,59733,3167,178,3,0
7466,2024-06-27,60870,63715,2845,178,3,0
7467,2024-06-27,54256,57181,2925,178,3,0
7468,2024-06-27,48701,50992,2291,178,3,0
7469,2024-06-27,35455,37961,2506,178,3,0
7470,2024-06-27,29215,31694,2479,178,3,0
7471,2024-06-27,48195,50394,2199,178,3,0
7472,2024-06-27,42844,45400,2556,178,3,0
7473,2024-06-27,58722,61879,3157,178,3,0
7474,2024-06-27,47092,49801,2709,178,3,0
7475,2024-06-27,27299,29818,2519,178,3,0
7476,2024-06-27,27660,30112,2452,178,3,0
7477,2024-06-27,34105,36486,2381,178,3,0
7478,2024-06-27,45787,48517,2730,178,3,0
7479,2024-06-27,51602,54561,2959,178,3,0
7480,2024-06-27,65321,68137,2816,178,3,0
7481,2024-06-27,44794,47265,2471,178,3,0
7482,2024-06-27,64480,67335,2855,178,3,0
7483,2024-06-27,47594,50078,2484,178,3,0
7484,2024-06-27,41888,44873,2985,178,3,0
7485,2024-06-27,28619,30949,2330,178,3,0
7486,2024-06-27,60536,63070,2534,178,3,0
7487,2024-06-27,53683,56850,3167,178,3,0
7488,2024-06-27,31038,33642,2604,178,3,0
7489,2024-06-27,55119,57737,2618,178,3,0
7490,2024-06-27,61844,64641,2797,178,3,0
7491,2024-06-27,43900,46821,2921,178,3,0
7492,2024-06-27,30054,32805,2751,178,3,0
7493,2024-06-27,63769,66677,2908,178,3,0
7494,2024-06-27,26583,29311,2728,178,3,0
7495,2024-06-27,28034,30508,2474,178,3,0
7496,2024-06-27,28860,31102,2242,178,3,0
7497,2024-06-27,33672,36269,2597,178,3,0
7498,2024-06-27,34498,37204,2706,178,3,0
7499,2024-06-27,35094,37431,2337,178,3,0
7500,2024-06-27,35937,38099,2162,178,3,0
7501,2024-06-27,36278,38715,2437,178,3,0
7502,2024-06-27,37796,40283,2487,178,3,0
7503,2024-06-27,40093,43175,3082,178,3,0
7504,2024-06-27,41508,44384,2876,178,3,0
7505,2024-06-27,40578,43791,3213,178,3,0
7506,2024-06-27,54764,57304,2540,178,3,0
7507,2024-06-27,45295,48099,2804,178,3,0
7508,2024-06-27,46488,49124,2636,178,3,0
7509,2024-06-27,52686,55347,2661,178,3,0
7510,2024-06-27,53289,55910,2621,178,3,0
7511,2024-06-27,55597,58089,2492,178,3,0
7512,2024-06-27,59439,62335,2896,178,3,0
7513,2024-06-27,62210,65027,2817,178,3,0
7514,2024-06-28,57647,60493,2846,179,4,0
7515,2024-06-28,43293,45803,2510,179,4,0
7516,2024-06-28,39454,42068,2614,179,4,0
7517,2024-06-28,59202,62007,2805,179,4,0
7518,2024-06-28,35963,38825,2862,179,4,0
7519,2024-06-28,53286,55842,2556,179,4,0
7520,2024-06-28,33295,35765,2470,179,4,0
7521,2024-06-28,56074,58574,2500,179,4,0
7522,2024-06-28,50891,53422,2531,179,4,0
7523,2024-06-28,37860,40166,2306,179,4,0
7524,2024-06-28,62910,66025,3115,179,4,0
7525,2024-06-28,31247,33916,2669,179,4,0
7526,2024-06-28,48986,51428,2442,179,4,0
7527,2024-06-28,35808,38346,2538,179,4,0
7528,2024-06-28,42888,45383,2495,179,4,0
7529,2024-06-28,28978,31355,2377,179,4,0
7530,2024-06-28,52906,55558,2652,179,4,0
7531,2024-06-28,58961,61632,2671,179,4,0
7532,2024-06-28,34669,37111,2442,179,4,0
7533,2024-06-28,27782,30020,2238,179,4,0
7534,2024-06-28,46604,49327,2723,179,4,0
7535,2024-06-28,52387,54934,2547,179,4,0
7536,2024-06-28,40151,42698,2547,179,4,0
7537,2024-06-28,46081,48795,2714,179,4,0
7538,2024-06-28,38896,41448,2552,179,4,0
7539,2024-06-28,25869,28515,2646,179,4,0
7540,2024-06-28,31931,34847,2916,179,4,0
7541,2024-06-28,56727,59836,3109,179,4,0
7542,2024-06-28,25500,27962,2462,179,4,0
7543,2024-06-28,56430,59227,2797,179,4,0
7544,2024-06-28,44788,47694,2906,179,4,0
7545,2024-06-28,51390,54333,2943,179,4,0
7546,2024-06-28,48488,50835,2347,179,4,0
7547,2024-06-28,41680,44269,2589,179,4,0
7548,2024-06-28,35117,37719,2602,179,4,0
7549,2024-06-28,28261,30485,2224,179,4,0
7550,2024-06-28,31018,33252,2234,179,4,0
7551,2024-06-28,50489,53158,2669,179,4,0
7552,2024-06-28,61599,64257,2658,179,4,0
7553,2024-06-28,37059,39740,2681,179,4,0
7554,2024-06-28,49583,51880,2297,179,4,0
7555,2024-06-28,43799,46344,2545,179,4,0
7556,2024-06-28,26345,28917,2572,179,4,0
7557,2024-06-28,26706,29183,2477,179,4,0
7558,2024-06-28,32399,35092,2693,179,4,0
7559,2024-06-28,33073,35356,2283,179,4,0
7560,2024-06-28,33870,36048,2178,179,4,0
7561,2024-06-28,38207,40751,2544,179,4,0
7562,2024-06-28,39687,42413,2726,179,4,0
7563,2024-06-28,44284,46681,2397,179,4,0
7564,2024-06-28,45407,48097,2690,179,4,0
7565,2024-06-28,47188,49850,2662,179,4,0
7566,2024-06-28,50182,52653,2471,179,4,0
7567,2024-06-28,59919,62554,2635,179,4,0
7568,2024-06-28,60398,63114,2716,179,4,0
7569,2024-06-28,63872,66920,3048,179,4,0
7570,2024-06-29,28295,30674,2379,180,5,0
7571,2024-06-29,31811,34632,2821,180,5,0
7572,2024-06-29,61398,64006,2608,180,5,0
7573,2024-06-29,43792,46222,2430,180,5,0
7574,2024-06-29,43383,45636,2253,180,5,0
7575,2024-06-29,42787,45242,2455,180,5,0
7576,2024-06-29,26707,28917,2210,180,5,0
7577,2024-06-29,60500,63202,2702,180,5,0
7578,2024-06-29,41573,44202,2629,180,5,0
7579,2024-06-29,27164,29537,2373,180,5,0
7580,2024-06-29,51193,53644,2451,180,5,0
7581,2024-06-29,50490,52965,2475,180,5,0
7582,2024-06-29,49993,52501,2508,180,5,0
7583,2024-06-29,40788,43546,2758,180,5,0
7584,2024-06-29,62888,65597,2709,180,5,0
7585,2024-06-29,57782,60268,2486,180,5,0
7586,2024-06-29,40150,43226,3076,180,5,0
7587,2024-06-29,30210,32574,2364,180,5,0
7588,2024-06-29,58984,61909,2925,180,5,0
7589,2024-06-29,56987,59465,2478,180,5,0
7590,2024-06-29,37292,40033,2741,180,5,0
7591,2024-06-29,48384,51131,2747,180,5,0
7592,2024-06-29,37894,40471,2577,180,5,0
7593,2024-06-29,56489,59161,2672,180,5,0
7594,2024-06-29,49505,52022,2517,180,5,0
7595,2024-06-29,48887,51554,2667,180,5,0
7596,2024-06-29,26030,28328,2298,180,5,0
7597,2024-06-29,35253,38083,2830,180,5,0
7598,2024-06-29,34797,37330,2533,180,5,0
7599,2024-06-29,47988,50509,2521,180,5,0
7600,2024-06-29,47198,49858,2660,180,5,0
7601,2024-06-29,32865,35367,2502,180,5,0
7602,2024-06-29,33509,36108,2599,180,5,0
7603,2024-06-29,54401,57124,2723,180,5,0
7604,2024-06-29,55286,58026,2740,180,5,0
7605,2024-06-29,65391,68161,2770,180,5,0
7606,2024-06-29,32267,34943,2676,180,5,0
7607,2024-06-29,52783,55905,3122,180,5,0
7608,2024-06-29,46790,49481,2691,180,5,0
7609,2024-06-29,45656,48304,2648,180,5,0
7610,2024-06-29,28959,31458,2499,180,5,0
7611,2024-06-29,29634,32151,2517,180,5,0
7612,2024-06-29,39346,42361,3015,180,5,0
7613,2024-06-29,44984,47460,2476,180,5,0
7614,2024-06-29,34115,36475,2360,180,5,0
7615,2024-06-29,38670,40886,2216,180,5,0
7616,2024-06-29,42284,44899,2615,180,5,0
7617,2024-06-29,44496,46947,2451,180,5,0
7618,2024-06-29,61981,64547,2566,180,5,0
7619,2024-06-29,62492,65118,2626,180,5,0
7620,2024-06-29,63688,66596,2908,180,5,0
7621,2024-06-30,26339,28840,2501,181,6,0
7622,2024-06-30,32379,34654,2275,181,6,0
7623,2024-06-30,27147,29246,2099,181,6,0
7624,2024-06-30,33066,35396,2330,181,6,0
7625,2024-06-30,33638,35893,2255,181,6,0
7626,2024-06-30,28166,30465,2299,181,6,0
7627,2024-06-30,30001,32514,2513,181,6,0
7628,2024-06-30,31810,34211,2401,181,6,0
7629,2024-06-30,34213,36605,2392,181,6,0
7630,2024-06-30,35346,37797,2451,181,6,0
7631,2024-06-30,36611,38893,2282,181,6,0
7632,2024-06-30,37172,39741,2569,181,6,0
7633,2024-06-30,37859,40220,2361,181,6,0
7634,2024-06-30,38322,41075,2753,181,6,0
7635,2024-06-30,40938,43262,2324,181,6,0
7636,2024-06-30,41507,43791,2284,181,6,0
7637,2024-06-30,42075,44507,2432,181,6,0
7638,2024-06-30,42764,45340,2576,181,6,0
7639,2024-06-30,43900,46492,2592,181,6,0
7640,2024-06-30,44470,47343,2873,181,6,0
7641,2024-06-30,46870,49732,2862,181,6,0
7642,2024-06-30,53476,56031,2555,181,6,0
7643,2024-06-30,48119,50438,2319,181,6,0
7644,2024-06-30,51083,53614,2531,181,6,0
7645,2024-06-30,52225,54864,2639,181,6,0
7646,2024-06-30,60311,62866,2555,181,6,0
7647,2024-06-30,56216,58970,2754,181,6,0
7648,2024-06-30,56778,59543,2765,181,6,0
7649,2024-06-30,57353,59852,2499,181,6,0
7650,2024-06-30,64765,67235,2470,181,6,0
7651,2024-06-30,65563,67895,2332,181,6,0
7652,2024-06-30,29532,32020,2488,181,6,0
7653,2024-06-30,30790,33217,2427,181,6,0
7654,2024-06-30,31353,33524,2171,181,6,0
7655,2024-06-30,34660,37081,2421,181,6,0
7656,2024-06-30,36036,38393,2357,181,6,0
7657,2024-06-30,38993,41549,2556,181,6,0
7658,2024-06-30,39566,42183,2617,181,6,0
7659,2024-06-30,40248,42672,2424,181,6,0
7660,2024-06-30,46290,49275,2985,181,6,0
7661,2024-06-30,47438,50035,2597,181,6,0
7662,2024-06-30,48813,52303,3490,181,6,0
7663,2024-06-30,49835,52828,2993,181,6,0
7664,2024-06-30,50514,53101,2587,181,6,0
7665,2024-06-30,53033,55697,2664,181,6,0
7666,2024-06-30,54157,56853,2696,181,6,0
7667,2024-06-30,55529,57968,2439,181,6,0
7668,2024-06-30,60882,63672,2790,181,6,0
7669,2024-06-30,62831,65429,2598,181,6,0
7670,2024-06-30,63504,66071,2567,181,6,0
